{
  "partialUpdateBookingByPatch " : {
    "transaction" : "partialUpdateBookingByPatch ",
    "sampleCount" : 500,
    "errorCount" : 0,
    "errorPct" : 0.0,
    "meanResTime" : 293.5019999999998,
    "medianResTime" : 284.0,
    "minResTime" : 267.0,
    "maxResTime" : 493.0,
    "pct1ResTime" : 320.90000000000003,
    "pct2ResTime" : 349.95,
    "pct3ResTime" : 425.7800000000002,
    "throughput" : 51.3821806597472,
    "receivedKBytesPerSec" : 46.180537714520604,
    "sentKBytesPerSec" : 15.605330258966191
  },
  "updateBookingByPut" : {
    "transaction" : "updateBookingByPut",
    "sampleCount" : 500,
    "errorCount" : 0,
    "errorPct" : 0.0,
    "meanResTime" : 291.3479999999998,
    "medianResTime" : 284.0,
    "minResTime" : 268.0,
    "maxResTime" : 422.0,
    "pct1ResTime" : 316.0,
    "pct2ResTime" : 327.9,
    "pct3ResTime" : 390.99,
    "throughput" : 51.19803399549457,
    "receivedKBytesPerSec" : 45.96343500409584,
    "sentKBytesPerSec" : 25.04903811693631
  },
  "auth" : {
    "transaction" : "auth",
    "sampleCount" : 500,
    "errorCount" : 0,
    "errorPct" : 0.0,
    "meanResTime" : 1279.252000000001,
    "medianResTime" : 1166.0,
    "minResTime" : 1069.0,
    "maxResTime" : 2335.0,
    "pct1ResTime" : 1760.0,
    "pct2ResTime" : 2067.45,
    "pct3ResTime" : 2268.8900000000003,
    "throughput" : 43.713936002797695,
    "receivedKBytesPerSec" : 33.09144955411785,
    "sentKBytesPerSec" : 10.67234765693303
  },
  "Total" : {
    "transaction" : "Total",
    "sampleCount" : 2500,
    "errorCount" : 0,
    "errorPct" : 0.0,
    "meanResTime" : 488.48879999999923,
    "medianResTime" : 288.0,
    "minResTime" : 266.0,
    "maxResTime" : 2335.0,
    "pct1ResTime" : 1166.0,
    "pct2ResTime" : 1269.9499999999998,
    "pct3ResTime" : 2068.6899999999932,
    "throughput" : 199.33025035879444,
    "receivedKBytesPerSec" : 174.4672276152129,
    "sentKBytesPerSec" : 67.27395949609313
  },
  "getBooking" : {
    "transaction" : "getBooking",
    "sampleCount" : 500,
    "errorCount" : 0,
    "errorPct" : 0.0,
    "meanResTime" : 289.58199999999994,
    "medianResTime" : 284.0,
    "minResTime" : 267.0,
    "maxResTime" : 495.0,
    "pct1ResTime" : 313.0,
    "pct2ResTime" : 325.95,
    "pct3ResTime" : 350.99,
    "throughput" : 51.09339873288371,
    "receivedKBytesPerSec" : 45.87508622011036,
    "sentKBytesPerSec" : 9.929283542816268
  },
  "createBooking" : {
    "transaction" : "createBooking",
    "sampleCount" : 500,
    "errorCount" : 0,
    "errorPct" : 0.0,
    "meanResTime" : 288.7599999999995,
    "medianResTime" : 283.0,
    "minResTime" : 266.0,
    "maxResTime" : 405.0,
    "pct1ResTime" : 314.90000000000003,
    "pct2ResTime" : 331.0,
    "pct3ResTime" : 378.8000000000002,
    "throughput" : 50.983991026817584,
    "receivedKBytesPerSec" : 47.15740351279698,
    "sentKBytesPerSec" : 23.251488095238095
  }
}