{
  "partialUpdateBookingByPatch " : {
    "transaction" : "partialUpdateBookingByPatch ",
    "sampleCount" : 1000,
    "errorCount" : 0,
    "errorPct" : 0.0,
    "meanResTime" : 1297.0349999999983,
    "medianResTime" : 1355.0,
    "minResTime" : 373.0,
    "maxResTime" : 2574.0,
    "pct1ResTime" : 1913.9,
    "pct2ResTime" : 2002.0,
    "pct3ResTime" : 2075.9700000000003,
    "throughput" : 88.57395925597875,
    "receivedKBytesPerSec" : 79.68715400797166,
    "sentKBytesPerSec" : 26.987378210806025
  },
  "updateBookingByPut" : {
    "transaction" : "updateBookingByPut",
    "sampleCount" : 1000,
    "errorCount" : 0,
    "errorPct" : 0.0,
    "meanResTime" : 1310.2219999999988,
    "medianResTime" : 1513.0,
    "minResTime" : 381.0,
    "maxResTime" : 2100.0,
    "pct1ResTime" : 2015.8,
    "pct2ResTime" : 2053.95,
    "pct3ResTime" : 2091.0,
    "throughput" : 88.41732979664015,
    "receivedKBytesPerSec" : 79.44538848364279,
    "sentKBytesPerSec" : 43.34521441202475
  },
  "auth" : {
    "transaction" : "auth",
    "sampleCount" : 1000,
    "errorCount" : 0,
    "errorPct" : 0.0,
    "meanResTime" : 1531.421,
    "medianResTime" : 1258.5,
    "minResTime" : 1063.0,
    "maxResTime" : 6524.0,
    "pct1ResTime" : 2373.9,
    "pct2ResTime" : 2612.8999999999996,
    "pct3ResTime" : 3321.6000000000013,
    "throughput" : 87.98944126704795,
    "receivedKBytesPerSec" : 66.60491366036075,
    "sentKBytesPerSec" : 21.48179718433788
  },
  "Total" : {
    "transaction" : "Total",
    "sampleCount" : 5000,
    "errorCount" : 0,
    "errorPct" : 0.0,
    "meanResTime" : 1125.291199999996,
    "medianResTime" : 1096.0,
    "minResTime" : 283.0,
    "maxResTime" : 6524.0,
    "pct1ResTime" : 1945.0,
    "pct2ResTime" : 2053.0,
    "pct3ResTime" : 2634.779999999995,
    "throughput" : 336.04408898447474,
    "receivedKBytesPerSec" : 294.3509938503932,
    "sentKBytesPerSec" : 113.61178086564958
  },
  "getBooking" : {
    "transaction" : "getBooking",
    "sampleCount" : 1000,
    "errorCount" : 0,
    "errorPct" : 0.0,
    "meanResTime" : 756.541000000001,
    "medianResTime" : 753.0,
    "minResTime" : 295.0,
    "maxResTime" : 1905.0,
    "pct1ResTime" : 1173.9,
    "pct2ResTime" : 1196.0,
    "pct3ResTime" : 1268.99,
    "throughput" : 93.30098899048329,
    "receivedKBytesPerSec" : 83.76351406512408,
    "sentKBytesPerSec" : 18.222849412203768
  },
  "createBooking" : {
    "transaction" : "createBooking",
    "sampleCount" : 1000,
    "errorCount" : 0,
    "errorPct" : 0.0,
    "meanResTime" : 731.236999999999,
    "medianResTime" : 651.0,
    "minResTime" : 283.0,
    "maxResTime" : 2940.0,
    "pct1ResTime" : 1193.9,
    "pct2ResTime" : 1223.6999999999996,
    "pct3ResTime" : 1288.95,
    "throughput" : 100.46212577858148,
    "receivedKBytesPerSec" : 93.09935076351215,
    "sentKBytesPerSec" : 45.816223377536666
  }
}