{
  "partialUpdateBookingByPatch " : {
    "transaction" : "partialUpdateBookingByPatch ",
    "sampleCount" : 700,
    "errorCount" : 0,
    "errorPct" : 0.0,
    "meanResTime" : 293.7885714285711,
    "medianResTime" : 266.0,
    "minResTime" : 247.0,
    "maxResTime" : 522.0,
    "pct1ResTime" : 368.9,
    "pct2ResTime" : 472.94999999999993,
    "pct3ResTime" : 493.99,
    "throughput" : 77.39082365948038,
    "receivedKBytesPerSec" : 69.81282822001106,
    "sentKBytesPerSec" : 23.580016583747927
  },
  "updateBookingByPut" : {
    "transaction" : "updateBookingByPut",
    "sampleCount" : 700,
    "errorCount" : 0,
    "errorPct" : 0.0,
    "meanResTime" : 289.2699999999999,
    "medianResTime" : 267.0,
    "minResTime" : 246.0,
    "maxResTime" : 798.0,
    "pct1ResTime" : 360.5999999999999,
    "pct2ResTime" : 384.94999999999993,
    "pct3ResTime" : 450.9000000000001,
    "throughput" : 76.84707432209903,
    "receivedKBytesPerSec" : 69.21768649138215,
    "sentKBytesPerSec" : 37.67307745087276
  },
  "auth" : {
    "transaction" : "auth",
    "sampleCount" : 700,
    "errorCount" : 0,
    "errorPct" : 0.0,
    "meanResTime" : 1300.8642857142856,
    "medianResTime" : 1117.5,
    "minResTime" : 988.0,
    "maxResTime" : 2901.0,
    "pct1ResTime" : 2071.8,
    "pct2ResTime" : 2380.0,
    "pct3ResTime" : 2573.91,
    "throughput" : 62.735257214554586,
    "receivedKBytesPerSec" : 47.73165833930812,
    "sentKBytesPerSec" : 15.316224905897116
  },
  "Total" : {
    "transaction" : "Total",
    "sampleCount" : 3500,
    "errorCount" : 0,
    "errorPct" : 0.0,
    "meanResTime" : 494.5982857142853,
    "medianResTime" : 279.0,
    "minResTime" : 245.0,
    "maxResTime" : 2901.0,
    "pct1ResTime" : 1117.9,
    "pct2ResTime" : 1356.7999999999993,
    "pct3ResTime" : 2380.0,
    "throughput" : 287.3091446396323,
    "receivedKBytesPerSec" : 252.4995254268593,
    "sentKBytesPerSec" : 97.13518151781317
  },
  "getBooking" : {
    "transaction" : "getBooking",
    "sampleCount" : 700,
    "errorCount" : 0,
    "errorPct" : 0.0,
    "meanResTime" : 292.2557142857142,
    "medianResTime" : 267.0,
    "minResTime" : 245.0,
    "maxResTime" : 850.0,
    "pct1ResTime" : 358.0,
    "pct2ResTime" : 384.0,
    "pct3ResTime" : 466.94000000000005,
    "throughput" : 76.01259637311327,
    "receivedKBytesPerSec" : 68.47072157671843,
    "sentKBytesPerSec" : 14.846210229123685
  },
  "createBooking" : {
    "transaction" : "createBooking",
    "sampleCount" : 700,
    "errorCount" : 0,
    "errorPct" : 0.0,
    "meanResTime" : 296.81285714285696,
    "medianResTime" : 269.0,
    "minResTime" : 246.0,
    "maxResTime" : 753.0,
    "pct1ResTime" : 378.9,
    "pct2ResTime" : 416.94999999999993,
    "pct3ResTime" : 523.9100000000001,
    "throughput" : 75.8150113722517,
    "receivedKBytesPerSec" : 70.4918837322647,
    "sentKBytesPerSec" : 34.57579131918119
  }
}