{
  "partialUpdateBookingByPatch " : {
    "transaction" : "partialUpdateBookingByPatch ",
    "sampleCount" : 100,
    "errorCount" : 0,
    "errorPct" : 0.0,
    "meanResTime" : 283.96000000000015,
    "medianResTime" : 283.0,
    "minResTime" : 270.0,
    "maxResTime" : 338.0,
    "pct1ResTime" : 289.9,
    "pct2ResTime" : 293.0,
    "pct3ResTime" : 337.71999999999986,
    "throughput" : 10.744600838078865,
    "receivedKBytesPerSec" : 9.676016707854302,
    "sentKBytesPerSec" : 3.273745567852154
  },
  "updateBookingByPut" : {
    "transaction" : "updateBookingByPut",
    "sampleCount" : 100,
    "errorCount" : 0,
    "errorPct" : 0.0,
    "meanResTime" : 285.5000000000001,
    "medianResTime" : 283.0,
    "minResTime" : 270.0,
    "maxResTime" : 400.0,
    "pct1ResTime" : 293.0,
    "pct2ResTime" : 302.0,
    "pct3ResTime" : 399.27999999999963,
    "throughput" : 10.756157900397977,
    "receivedKBytesPerSec" : 9.675079998924383,
    "sentKBytesPerSec" : 5.273038345702915
  },
  "auth" : {
    "transaction" : "auth",
    "sampleCount" : 100,
    "errorCount" : 0,
    "errorPct" : 0.0,
    "meanResTime" : 1240.8900000000003,
    "medianResTime" : 1134.5,
    "minResTime" : 1075.0,
    "maxResTime" : 2655.0,
    "pct1ResTime" : 1691.3000000000009,
    "pct2ResTime" : 1998.95,
    "pct3ResTime" : 2651.539999999998,
    "throughput" : 9.004141905276427,
    "receivedKBytesPerSec" : 6.8378719836124615,
    "sentKBytesPerSec" : 2.1982768323428776
  },
  "Total" : {
    "transaction" : "Total",
    "sampleCount" : 500,
    "errorCount" : 0,
    "errorPct" : 0.0,
    "meanResTime" : 475.9460000000002,
    "medianResTime" : 285.0,
    "minResTime" : 268.0,
    "maxResTime" : 2655.0,
    "pct1ResTime" : 1134.9,
    "pct2ResTime" : 1165.9,
    "pct3ResTime" : 1998.99,
    "throughput" : 40.82299150881777,
    "receivedKBytesPerSec" : 35.819942541639456,
    "sentKBytesPerSec" : 13.801679355813194
  },
  "getBooking" : {
    "transaction" : "getBooking",
    "sampleCount" : 100,
    "errorCount" : 0,
    "errorPct" : 0.0,
    "meanResTime" : 283.83000000000004,
    "medianResTime" : 282.5,
    "minResTime" : 269.0,
    "maxResTime" : 319.0,
    "pct1ResTime" : 295.70000000000005,
    "pct2ResTime" : 301.9,
    "pct3ResTime" : 318.88999999999993,
    "throughput" : 10.778184953653804,
    "receivedKBytesPerSec" : 9.694472138391895,
    "sentKBytesPerSec" : 2.1051142487605086
  },
  "createBooking" : {
    "transaction" : "createBooking",
    "sampleCount" : 100,
    "errorCount" : 0,
    "errorPct" : 0.0,
    "meanResTime" : 285.54999999999984,
    "medianResTime" : 283.0,
    "minResTime" : 268.0,
    "maxResTime" : 345.0,
    "pct1ResTime" : 299.9,
    "pct2ResTime" : 306.0,
    "pct3ResTime" : 344.91999999999996,
    "throughput" : 10.774701002047193,
    "receivedKBytesPerSec" : 10.002373801314512,
    "sentKBytesPerSec" : 4.913852898394569
  }
}