{
  "partialUpdateBookingByPatch " : {
    "transaction" : "partialUpdateBookingByPatch ",
    "sampleCount" : 900,
    "errorCount" : 0,
    "errorPct" : 0.0,
    "meanResTime" : 349.77444444444416,
    "medianResTime" : 316.5,
    "minResTime" : 244.0,
    "maxResTime" : 1441.0,
    "pct1ResTime" : 505.9,
    "pct2ResTime" : 536.8999999999999,
    "pct3ResTime" : 609.95,
    "throughput" : 108.55144132191532,
    "receivedKBytesPerSec" : 97.74199810034978,
    "sentKBytesPerSec" : 33.07426727777108
  },
  "updateBookingByPut" : {
    "transaction" : "updateBookingByPut",
    "sampleCount" : 900,
    "errorCount" : 0,
    "errorPct" : 0.0,
    "meanResTime" : 372.5888888888891,
    "medianResTime" : 330.0,
    "minResTime" : 245.0,
    "maxResTime" : 900.0,
    "pct1ResTime" : 547.9,
    "pct2ResTime" : 599.7999999999997,
    "pct3ResTime" : 891.0,
    "throughput" : 108.04321728691477,
    "receivedKBytesPerSec" : 97.2407713085234,
    "sentKBytesPerSec" : 52.966499099639854
  },
  "auth" : {
    "transaction" : "auth",
    "sampleCount" : 900,
    "errorCount" : 0,
    "errorPct" : 0.0,
    "meanResTime" : 1378.9611111111087,
    "medianResTime" : 1134.5,
    "minResTime" : 957.0,
    "maxResTime" : 3487.0,
    "pct1ResTime" : 2240.9,
    "pct2ResTime" : 2508.85,
    "pct3ResTime" : 2777.7300000000005,
    "throughput" : 84.17508417508418,
    "receivedKBytesPerSec" : 63.904379442573884,
    "sentKBytesPerSec" : 20.55055765993266
  },
  "Total" : {
    "transaction" : "Total",
    "sampleCount" : 4500,
    "errorCount" : 0,
    "errorPct" : 0.0,
    "meanResTime" : 548.2535555555583,
    "medianResTime" : 335.0,
    "minResTime" : 242.0,
    "maxResTime" : 3487.0,
    "pct1ResTime" : 1138.9,
    "pct2ResTime" : 1480.9499999999998,
    "pct3ResTime" : 2508.9699999999993,
    "throughput" : 384.61538461538464,
    "receivedKBytesPerSec" : 337.5510817307692,
    "sentKBytesPerSec" : 130.0330528846154
  },
  "getBooking" : {
    "transaction" : "getBooking",
    "sampleCount" : 900,
    "errorCount" : 0,
    "errorPct" : 0.0,
    "meanResTime" : 318.53111111111144,
    "medianResTime" : 299.0,
    "minResTime" : 242.0,
    "maxResTime" : 1202.0,
    "pct1ResTime" : 433.0,
    "pct2ResTime" : 448.0,
    "pct3ResTime" : 504.8700000000001,
    "throughput" : 107.21944245889921,
    "receivedKBytesPerSec" : 96.52309313199905,
    "sentKBytesPerSec" : 20.941297355253752
  },
  "createBooking" : {
    "transaction" : "createBooking",
    "sampleCount" : 900,
    "errorCount" : 0,
    "errorPct" : 0.0,
    "meanResTime" : 321.4122222222222,
    "medianResTime" : 301.5,
    "minResTime" : 244.0,
    "maxResTime" : 733.0,
    "pct1ResTime" : 404.0,
    "pct2ResTime" : 445.94999999999993,
    "pct3ResTime" : 532.96,
    "throughput" : 105.26315789473684,
    "receivedKBytesPerSec" : 97.71610014619883,
    "sentKBytesPerSec" : 48.00575657894736
  }
}