{
  "partialUpdateBookingByPatch " : {
    "transaction" : "partialUpdateBookingByPatch ",
    "sampleCount" : 300,
    "errorCount" : 0,
    "errorPct" : 0.0,
    "meanResTime" : 266.4066666666668,
    "medianResTime" : 258.0,
    "minResTime" : 243.0,
    "maxResTime" : 453.0,
    "pct1ResTime" : 294.60000000000014,
    "pct2ResTime" : 316.95,
    "pct3ResTime" : 427.9000000000001,
    "throughput" : 30.321406913280775,
    "receivedKBytesPerSec" : 27.29281951182535,
    "sentKBytesPerSec" : 9.238553668890237
  },
  "updateBookingByPut" : {
    "transaction" : "updateBookingByPut",
    "sampleCount" : 300,
    "errorCount" : 0,
    "errorPct" : 0.0,
    "meanResTime" : 264.4866666666668,
    "medianResTime" : 258.0,
    "minResTime" : 243.0,
    "maxResTime" : 461.0,
    "pct1ResTime" : 283.0,
    "pct2ResTime" : 312.84999999999997,
    "pct3ResTime" : 391.8600000000001,
    "throughput" : 30.349013657056148,
    "receivedKBytesPerSec" : 27.301862038442085,
    "sentKBytesPerSec" : 14.878129742033384
  },
  "auth" : {
    "transaction" : "auth",
    "sampleCount" : 300,
    "errorCount" : 0,
    "errorPct" : 0.0,
    "meanResTime" : 1104.3300000000008,
    "medianResTime" : 1017.0,
    "minResTime" : 965.0,
    "maxResTime" : 2206.0,
    "pct1ResTime" : 1405.2000000000023,
    "pct2ResTime" : 1778.6,
    "pct3ResTime" : 2188.2300000000014,
    "throughput" : 26.251312565628282,
    "receivedKBytesPerSec" : 19.925019688484422,
    "sentKBytesPerSec" : 6.409011856842842
  },
  "Total" : {
    "transaction" : "Total",
    "sampleCount" : 1500,
    "errorCount" : 0,
    "errorPct" : 0.0,
    "meanResTime" : 431.6780000000002,
    "medianResTime" : 259.0,
    "minResTime" : 241.0,
    "maxResTime" : 2206.0,
    "pct1ResTime" : 1017.0,
    "pct2ResTime" : 1048.9,
    "pct3ResTime" : 1778.92,
    "throughput" : 120.47225122480123,
    "receivedKBytesPerSec" : 105.68930206409124,
    "sentKBytesPerSec" : 40.729973998072445
  },
  "getBooking" : {
    "transaction" : "getBooking",
    "sampleCount" : 300,
    "errorCount" : 0,
    "errorPct" : 0.0,
    "meanResTime" : 260.59666666666635,
    "medianResTime" : 255.0,
    "minResTime" : 242.0,
    "maxResTime" : 487.0,
    "pct1ResTime" : 280.0,
    "pct2ResTime" : 300.95,
    "pct3ResTime" : 342.94000000000005,
    "throughput" : 30.395136778115504,
    "receivedKBytesPerSec" : 27.34612462006079,
    "sentKBytesPerSec" : 5.936550151975684
  },
  "createBooking" : {
    "transaction" : "createBooking",
    "sampleCount" : 300,
    "errorCount" : 0,
    "errorPct" : 0.0,
    "meanResTime" : 262.56999999999977,
    "medianResTime" : 255.5,
    "minResTime" : 241.0,
    "maxResTime" : 379.0,
    "pct1ResTime" : 297.90000000000003,
    "pct2ResTime" : 310.95,
    "pct3ResTime" : 348.99,
    "throughput" : 30.39821663795724,
    "receivedKBytesPerSec" : 28.210969956429224,
    "sentKBytesPerSec" : 13.86324918938089
  }
}